"module name","version","license","repository"
"@ampproject/remapping","2.2.0","Apache-2.0","https://github.com/ampproject/remapping"
"@babel/code-frame","7.18.6","MIT","https://github.com/babel/babel"
"@babel/compat-data","7.20.10","MIT","https://github.com/babel/babel"
"@babel/core","7.20.7","MIT","https://github.com/babel/babel"
"@babel/generator","7.20.7","MIT","https://github.com/babel/babel"
"@babel/helper-annotate-as-pure","7.18.6","MIT","https://github.com/babel/babel"
"@babel/helper-builder-binary-assignment-operator-visitor","7.18.9","MIT","https://github.com/babel/babel"
"@babel/helper-compilation-targets","7.20.7","MIT","https://github.com/babel/babel"
"@babel/helper-create-class-features-plugin","7.20.7","MIT","https://github.com/babel/babel"
"@babel/helper-create-regexp-features-plugin","7.19.0","MIT","https://github.com/babel/babel"
"@babel/helper-define-polyfill-provider","0.3.3","MIT","https://github.com/babel/babel-polyfills"
"@babel/helper-environment-visitor","7.18.9","MIT","https://github.com/babel/babel"
"@babel/helper-explode-assignable-expression","7.18.6","MIT","https://github.com/babel/babel"
"@babel/helper-function-name","7.19.0","MIT","https://github.com/babel/babel"
"@babel/helper-hoist-variables","7.18.6","MIT","https://github.com/babel/babel"
"@babel/helper-member-expression-to-functions","7.20.7","MIT","https://github.com/babel/babel"
"@babel/helper-module-imports","7.18.6","MIT","https://github.com/babel/babel"
"@babel/helper-module-transforms","7.20.11","MIT","https://github.com/babel/babel"
"@babel/helper-optimise-call-expression","7.18.6","MIT","https://github.com/babel/babel"
"@babel/helper-plugin-utils","7.20.2","MIT","https://github.com/babel/babel"
"@babel/helper-remap-async-to-generator","7.18.9","MIT","https://github.com/babel/babel"
"@babel/helper-replace-supers","7.20.7","MIT","https://github.com/babel/babel"
"@babel/helper-simple-access","7.20.2","MIT","https://github.com/babel/babel"
"@babel/helper-skip-transparent-expression-wrappers","7.18.9","MIT","https://github.com/babel/babel"
"@babel/helper-split-export-declaration","7.18.6","MIT","https://github.com/babel/babel"
"@babel/helper-string-parser","7.19.4","MIT","https://github.com/babel/babel"
"@babel/helper-validator-identifier","7.19.1","MIT","https://github.com/babel/babel"
"@babel/helper-validator-option","7.18.6","MIT","https://github.com/babel/babel"
"@babel/helper-wrap-function","7.19.0","MIT","https://github.com/babel/babel"
"@babel/helpers","7.20.7","MIT","https://github.com/babel/babel"
"@babel/highlight","7.18.6","MIT","https://github.com/babel/babel"
"@babel/parser","7.20.7","MIT","https://github.com/babel/babel"
"@babel/plugin-bugfix-safari-id-destructuring-collision-in-function-expression","7.18.6","MIT","https://github.com/babel/babel"
"@babel/plugin-bugfix-v8-spread-parameters-in-optional-chaining","7.18.9","MIT","https://github.com/babel/babel"
"@babel/plugin-proposal-async-generator-functions","7.20.1","MIT","https://github.com/babel/babel"
"@babel/plugin-proposal-class-properties","7.18.6","MIT","https://github.com/babel/babel"
"@babel/plugin-proposal-class-static-block","7.18.6","MIT","https://github.com/babel/babel"
"@babel/plugin-proposal-dynamic-import","7.18.6","MIT","https://github.com/babel/babel"
"@babel/plugin-proposal-export-default-from","7.18.10","MIT","https://github.com/babel/babel"
"@babel/plugin-proposal-export-namespace-from","7.18.9","MIT","https://github.com/babel/babel"
"@babel/plugin-proposal-json-strings","7.18.6","MIT","https://github.com/babel/babel"
"@babel/plugin-proposal-logical-assignment-operators","7.18.9","MIT","https://github.com/babel/babel"
"@babel/plugin-proposal-nullish-coalescing-operator","7.18.6","MIT","https://github.com/babel/babel"
"@babel/plugin-proposal-numeric-separator","7.18.6","MIT","https://github.com/babel/babel"
"@babel/plugin-proposal-object-rest-spread","7.20.2","MIT","https://github.com/babel/babel"
"@babel/plugin-proposal-optional-catch-binding","7.18.6","MIT","https://github.com/babel/babel"
"@babel/plugin-proposal-optional-chaining","7.18.9","MIT","https://github.com/babel/babel"
"@babel/plugin-proposal-private-methods","7.18.6","MIT","https://github.com/babel/babel"
"@babel/plugin-proposal-private-property-in-object","7.18.6","MIT","https://github.com/babel/babel"
"@babel/plugin-proposal-unicode-property-regex","7.18.6","MIT","https://github.com/babel/babel"
"@babel/plugin-syntax-async-generators","7.8.4","MIT","https://github.com/babel/babel/tree/master/packages/babel-plugin-syntax-async-generators"
"@babel/plugin-syntax-class-properties","7.12.13","MIT","https://github.com/babel/babel"
"@babel/plugin-syntax-class-static-block","7.14.5","MIT","https://github.com/babel/babel"
"@babel/plugin-syntax-dynamic-import","7.8.3","MIT","https://github.com/babel/babel/tree/master/packages/babel-plugin-syntax-dynamic-import"
"@babel/plugin-syntax-export-default-from","7.18.6","MIT","https://github.com/babel/babel"
"@babel/plugin-syntax-export-namespace-from","7.8.3","MIT","https://github.com/babel/babel/tree/master/packages/babel-plugin-syntax-export-namespace-from"
"@babel/plugin-syntax-flow","7.18.6","MIT","https://github.com/babel/babel"
"@babel/plugin-syntax-import-assertions","7.20.0","MIT","https://github.com/babel/babel"
"@babel/plugin-syntax-json-strings","7.8.3","MIT","https://github.com/babel/babel/tree/master/packages/babel-plugin-syntax-json-strings"
"@babel/plugin-syntax-jsx","7.18.6","MIT","https://github.com/babel/babel"
"@babel/plugin-syntax-logical-assignment-operators","7.10.4","MIT","https://github.com/babel/babel"
"@babel/plugin-syntax-nullish-coalescing-operator","7.8.3","MIT","https://github.com/babel/babel/tree/master/packages/babel-plugin-syntax-nullish-coalescing-operator"
"@babel/plugin-syntax-numeric-separator","7.10.4","MIT","https://github.com/babel/babel"
"@babel/plugin-syntax-object-rest-spread","7.8.3","MIT","https://github.com/babel/babel/tree/master/packages/babel-plugin-syntax-object-rest-spread"
"@babel/plugin-syntax-optional-catch-binding","7.8.3","MIT","https://github.com/babel/babel/tree/master/packages/babel-plugin-syntax-optional-catch-binding"
"@babel/plugin-syntax-optional-chaining","7.8.3","MIT","https://github.com/babel/babel/tree/master/packages/babel-plugin-syntax-optional-chaining"
"@babel/plugin-syntax-private-property-in-object","7.14.5","MIT","https://github.com/babel/babel"
"@babel/plugin-syntax-top-level-await","7.14.5","MIT","https://github.com/babel/babel"
"@babel/plugin-syntax-typescript","7.20.0","MIT","https://github.com/babel/babel"
"@babel/plugin-transform-arrow-functions","7.18.6","MIT","https://github.com/babel/babel"
"@babel/plugin-transform-async-to-generator","7.18.6","MIT","https://github.com/babel/babel"
"@babel/plugin-transform-block-scoped-functions","7.18.6","MIT","https://github.com/babel/babel"
"@babel/plugin-transform-block-scoping","7.20.2","MIT","https://github.com/babel/babel"
"@babel/plugin-transform-classes","7.20.2","MIT","https://github.com/babel/babel"
"@babel/plugin-transform-computed-properties","7.18.9","MIT","https://github.com/babel/babel"
"@babel/plugin-transform-destructuring","7.20.2","MIT","https://github.com/babel/babel"
"@babel/plugin-transform-dotall-regex","7.18.6","MIT","https://github.com/babel/babel"
"@babel/plugin-transform-duplicate-keys","7.18.9","MIT","https://github.com/babel/babel"
"@babel/plugin-transform-exponentiation-operator","7.18.6","MIT","https://github.com/babel/babel"
"@babel/plugin-transform-flow-strip-types","7.19.0","MIT","https://github.com/babel/babel"
"@babel/plugin-transform-for-of","7.18.8","MIT","https://github.com/babel/babel"
"@babel/plugin-transform-function-name","7.18.9","MIT","https://github.com/babel/babel"
"@babel/plugin-transform-literals","7.18.9","MIT","https://github.com/babel/babel"
"@babel/plugin-transform-member-expression-literals","7.18.6","MIT","https://github.com/babel/babel"
"@babel/plugin-transform-modules-amd","7.19.6","MIT","https://github.com/babel/babel"
"@babel/plugin-transform-modules-commonjs","7.19.6","MIT","https://github.com/babel/babel"
"@babel/plugin-transform-modules-systemjs","7.19.6","MIT","https://github.com/babel/babel"
"@babel/plugin-transform-modules-umd","7.18.6","MIT","https://github.com/babel/babel"
"@babel/plugin-transform-named-capturing-groups-regex","7.19.1","MIT","https://github.com/babel/babel"
"@babel/plugin-transform-new-target","7.18.6","MIT","https://github.com/babel/babel"
"@babel/plugin-transform-object-super","7.18.6","MIT","https://github.com/babel/babel"
"@babel/plugin-transform-parameters","7.20.3","MIT","https://github.com/babel/babel"
"@babel/plugin-transform-property-literals","7.18.6","MIT","https://github.com/babel/babel"
"@babel/plugin-transform-react-display-name","7.18.6","MIT","https://github.com/babel/babel"
"@babel/plugin-transform-react-jsx-self","7.18.6","MIT","https://github.com/babel/babel"
"@babel/plugin-transform-react-jsx-source","7.19.6","MIT","https://github.com/babel/babel"
"@babel/plugin-transform-react-jsx","7.20.7","MIT","https://github.com/babel/babel"
"@babel/plugin-transform-regenerator","7.18.6","MIT","https://github.com/babel/babel"
"@babel/plugin-transform-reserved-words","7.18.6","MIT","https://github.com/babel/babel"
"@babel/plugin-transform-runtime","7.19.6","MIT","https://github.com/babel/babel"
"@babel/plugin-transform-shorthand-properties","7.18.6","MIT","https://github.com/babel/babel"
"@babel/plugin-transform-spread","7.19.0","MIT","https://github.com/babel/babel"
"@babel/plugin-transform-sticky-regex","7.18.6","MIT","https://github.com/babel/babel"
"@babel/plugin-transform-template-literals","7.18.9","MIT","https://github.com/babel/babel"
"@babel/plugin-transform-typeof-symbol","7.18.9","MIT","https://github.com/babel/babel"
"@babel/plugin-transform-typescript","7.20.7","MIT","https://github.com/babel/babel"
"@babel/plugin-transform-unicode-escapes","7.18.10","MIT","https://github.com/babel/babel"
"@babel/plugin-transform-unicode-regex","7.18.6","MIT","https://github.com/babel/babel"
"@babel/preset-env","7.20.2","MIT","https://github.com/babel/babel"
"@babel/preset-flow","7.18.6","MIT","https://github.com/babel/babel"
"@babel/preset-modules","0.1.5","MIT","https://github.com/babel/preset-modules"
"@babel/preset-typescript","7.18.6","MIT","https://github.com/babel/babel"
"@babel/register","7.18.9","MIT","https://github.com/babel/babel"
"@babel/runtime","7.17.8","MIT","https://github.com/babel/babel"
"@babel/template","7.20.7","MIT","https://github.com/babel/babel"
"@babel/traverse","7.20.10","MIT","https://github.com/babel/babel"
"@babel/types","7.20.7","MIT","https://github.com/babel/babel"
"@discoveryjs/json-ext","0.5.7","MIT","https://github.com/discoveryjs/json-ext"
"@egjs/hammerjs","2.0.17","MIT","https://github.com/naver/hammer.js"
"@hapi/hoek","9.3.0","BSD-3-Clause","https://github.com/hapijs/hoek"
"@hapi/topo","5.1.0","BSD-3-Clause","https://github.com/hapijs/topo"
"@jest/create-cache-key-function","27.5.1","MIT","https://github.com/facebook/jest"
"@jest/types","26.6.2","MIT","https://github.com/facebook/jest"
"@jest/types","27.5.1","MIT","https://github.com/facebook/jest"
"@jridgewell/gen-mapping","0.1.1","MIT","https://github.com/jridgewell/gen-mapping"
"@jridgewell/gen-mapping","0.3.2","MIT","https://github.com/jridgewell/gen-mapping"
"@jridgewell/resolve-uri","3.0.5","MIT","https://github.com/jridgewell/resolve-uri"
"@jridgewell/set-array","1.1.2","MIT","https://github.com/jridgewell/set-array"
"@jridgewell/sourcemap-codec","1.4.11","MIT","https://github.com/jridgewell/sourcemap-codec"
"@jridgewell/trace-mapping","0.3.15","MIT","https://github.com/jridgewell/trace-mapping"
"@mendix/react-native-sqlite-storage","5.1.3","MIT","https://github.com/mendix/react-native-sqlite-storage"
"@nodelib/fs.scandir","2.1.5","MIT","https://github.com/nodelib/nodelib/tree/master/packages/fs/fs.scandir"
"@nodelib/fs.stat","2.0.5","MIT","https://github.com/nodelib/nodelib/tree/master/packages/fs/fs.stat"
"@nodelib/fs.walk","1.2.8","MIT","https://github.com/nodelib/nodelib/tree/master/packages/fs/fs.walk"
"@react-native-community/async-storage","1.12.0","MIT","https://github.com/react-native-community/react-native-async-storage"
"@react-native-community/cli-clean","9.2.1","MIT","https://github.com/react-native-community/cli"
"@react-native-community/cli-config","9.2.1","MIT","https://github.com/react-native-community/cli"
"@react-native-community/cli-debugger-ui","9.0.0","MIT","https://github.com/react-native-community/cli"
"@react-native-community/cli-doctor","9.3.0","MIT","https://github.com/react-native-community/cli"
"@react-native-community/cli-hermes","9.3.1","MIT","https://github.com/react-native-community/cli"
"@react-native-community/cli-platform-android","9.3.1","MIT","https://github.com/react-native-community/cli"
"@react-native-community/cli-platform-ios","9.3.0","MIT","https://github.com/react-native-community/cli"
"@react-native-community/cli-plugin-metro","9.2.1","MIT","https://github.com/react-native-community/cli"
"@react-native-community/cli-server-api","9.2.1","MIT","https://github.com/react-native-community/cli"
"@react-native-community/cli-tools","9.2.1","MIT","https://github.com/react-native-community/cli"
"@react-native-community/cli-types","9.1.0","MIT","https://github.com/react-native-community/cli"
"@react-native-community/cli","9.3.2","MIT","https://github.com/react-native-community/cli"
"@react-native-community/datetimepicker","3.0.3","MIT","https://github.com/react-native-community/datetimepicker"
"@react-native-community/masked-view","0.1.10","MIT","https://github.com/react-native-community/react-native-masked-view"
"@react-native-picker/picker","2.4.8","MIT","https://github.com/react-native-picker/picker"
"@react-native/assets","1.0.0","MIT","https://github.com/facebook/react-native"
"@react-native/normalize-color","2.0.0","MIT","https://github.com/facebook/react-native"
"@react-native/normalize-colors","0.72.0","MIT","https://github.com/facebook/react-native"
"@react-native/polyfills","2.0.0","MIT","https://github.com/facebook/react-native"
"@react-navigation/core","3.7.9","MIT","https://github.com/react-navigation/react-navigation-core"
"@react-navigation/native","3.8.4","MIT","https://github.com/react-navigation/react-navigation-native"
"@rollup/plugin-babel","5.3.1","MIT","https://github.com/rollup/plugins"
"@rollup/plugin-commonjs","21.1.0","MIT","https://github.com/rollup/plugins"
"@rollup/plugin-node-resolve","13.3.0","MIT","https://github.com/rollup/plugins"
"@rollup/pluginutils","3.1.0","MIT","https://github.com/rollup/plugins"
"@rollup/pluginutils","4.2.0","MIT","https://github.com/rollup/plugins"
"@sideway/address","4.1.4","BSD-3-Clause","https://github.com/sideway/address"
"@sideway/formula","3.0.1","BSD-3-Clause","https://github.com/sideway/formula"
"@sideway/pinpoint","2.0.0","BSD-3-Clause","https://github.com/sideway/pinpoint"
"@tootallnate/once","1.1.2","MIT","https://github.com/TooTallNate/once"
"@types/eslint-scope","3.7.3","MIT","https://github.com/DefinitelyTyped/DefinitelyTyped"
"@types/eslint","8.4.1","MIT","https://github.com/DefinitelyTyped/DefinitelyTyped"
"@types/estree","0.0.39","MIT","https://github.com/DefinitelyTyped/DefinitelyTyped"
"@types/estree","0.0.51","MIT","https://github.com/DefinitelyTyped/DefinitelyTyped"
"@types/fs-extra","8.1.2","MIT","https://github.com/DefinitelyTyped/DefinitelyTyped"
"@types/glob","7.2.0","MIT","https://github.com/DefinitelyTyped/DefinitelyTyped"
"@types/hammerjs","2.0.41","MIT","https://github.com/DefinitelyTyped/DefinitelyTyped"
"@types/istanbul-lib-coverage","2.0.4","MIT","https://github.com/DefinitelyTyped/DefinitelyTyped"
"@types/istanbul-lib-report","3.0.0","MIT","https://github.com/DefinitelyTyped/DefinitelyTyped"
"@types/istanbul-reports","3.0.1","MIT","https://github.com/DefinitelyTyped/DefinitelyTyped"
"@types/json-schema","7.0.11","MIT","https://github.com/DefinitelyTyped/DefinitelyTyped"
"@types/minimatch","5.1.2","MIT","https://github.com/DefinitelyTyped/DefinitelyTyped"
"@types/node","17.0.23","MIT","https://github.com/DefinitelyTyped/DefinitelyTyped"
"@types/resolve","1.17.1","MIT","https://github.com/DefinitelyTyped/DefinitelyTyped"
"@types/yargs-parser","21.0.0","MIT","https://github.com/DefinitelyTyped/DefinitelyTyped"
"@types/yargs","15.0.14","MIT","https://github.com/DefinitelyTyped/DefinitelyTyped"
"@types/yargs","16.0.4","MIT","https://github.com/DefinitelyTyped/DefinitelyTyped"
"@webassemblyjs/ast","1.11.1","MIT","https://github.com/xtuc/webassemblyjs"
"@webassemblyjs/floating-point-hex-parser","1.11.1","MIT","https://github.com/xtuc/webassemblyjs"
"@webassemblyjs/helper-api-error","1.11.1","MIT","https://github.com/xtuc/webassemblyjs"
"@webassemblyjs/helper-buffer","1.11.1","MIT","https://github.com/xtuc/webassemblyjs"
"@webassemblyjs/helper-numbers","1.11.1","MIT","https://github.com/xtuc/webassemblyjs"
"@webassemblyjs/helper-wasm-bytecode","1.11.1","MIT","https://github.com/xtuc/webassemblyjs"
"@webassemblyjs/helper-wasm-section","1.11.1","MIT","https://github.com/xtuc/webassemblyjs"
"@webassemblyjs/ieee754","1.11.1","MIT","https://github.com/xtuc/webassemblyjs"
"@webassemblyjs/leb128","1.11.1","Apache-2.0","https://github.com/xtuc/webassemblyjs"
"@webassemblyjs/utf8","1.11.1","MIT","https://github.com/xtuc/webassemblyjs"
"@webassemblyjs/wasm-edit","1.11.1","MIT","https://github.com/xtuc/webassemblyjs"
"@webassemblyjs/wasm-gen","1.11.1","MIT","https://github.com/xtuc/webassemblyjs"
"@webassemblyjs/wasm-opt","1.11.1","MIT","https://github.com/xtuc/webassemblyjs"
"@webassemblyjs/wasm-parser","1.11.1","MIT","https://github.com/xtuc/webassemblyjs"
"@webassemblyjs/wast-printer","1.11.1","MIT","https://github.com/xtuc/webassemblyjs"
"@webpack-cli/configtest","1.2.0","MIT","https://github.com/webpack/webpack-cli"
"@webpack-cli/info","1.5.0","MIT","https://github.com/webpack/webpack-cli"
"@webpack-cli/serve","1.7.0","MIT","https://github.com/webpack/webpack-cli"
"@xtuc/ieee754","1.2.0","BSD-3-Clause","https://github.com/feross/ieee754"
"@xtuc/long","4.2.2","Apache-2.0","https://github.com/dcodeIO/long.js"
"InstallerTemplate","0.0.1","UNLICENSED","undefined"
"abbrev","1.1.1","ISC","https://github.com/isaacs/abbrev-js"
"abort-controller","3.0.0","MIT","https://github.com/mysticatea/abort-controller"
"absolute-path","0.0.0","MIT","https://github.com/filearts/node-absolute-path"
"accepts","1.3.8","MIT","https://github.com/jshttp/accepts"
"acorn-import-assertions","1.8.0","MIT","https://github.com/xtuc/acorn-import-assertions"
"acorn-walk","8.2.0","MIT","https://github.com/acornjs/acorn"
"acorn","8.8.0","MIT","https://github.com/acornjs/acorn"
"agent-base","6.0.2","MIT","https://github.com/TooTallNate/node-agent-base"
"ajv-keywords","3.5.2","MIT","https://github.com/epoberezkin/ajv-keywords"
"ajv","6.12.6","MIT","https://github.com/ajv-validator/ajv"
"anser","1.4.10","MIT","https://github.com/IonicaBizau/anser"
"ansi-escapes","4.3.2","MIT","https://github.com/sindresorhus/ansi-escapes"
"ansi-fragments","0.2.1","MIT","https://github.com/zamotany/ansi-fragments"
"ansi-regex","2.1.1","MIT","https://github.com/chalk/ansi-regex"
"ansi-regex","4.1.1","MIT","https://github.com/chalk/ansi-regex"
"ansi-regex","5.0.1","MIT","https://github.com/chalk/ansi-regex"
"ansi-styles","2.2.1","MIT","https://github.com/chalk/ansi-styles"
"ansi-styles","3.2.1","MIT","https://github.com/chalk/ansi-styles"
"ansi-styles","4.3.0","MIT","https://github.com/chalk/ansi-styles"
"anymatch","3.1.3","ISC","https://github.com/micromatch/anymatch"
"appcenter-file-upload-client","0.0.24","MIT","https://github.com/Microsoft/appcenter-file-upload-client"
"appdirsjs","1.2.7","MIT","https://github.com/codingjerk/appdirsjs"
"argparse","1.0.10","MIT","https://github.com/nodeca/argparse"
"arr-diff","4.0.0","MIT","https://github.com/jonschlinkert/arr-diff"
"arr-flatten","1.1.0","MIT","https://github.com/jonschlinkert/arr-flatten"
"arr-union","3.1.0","MIT","https://github.com/jonschlinkert/arr-union"
"array-each","1.0.1","MIT","https://github.com/jonschlinkert/array-each"
"array-slice","1.1.0","MIT","https://github.com/jonschlinkert/array-slice"
"array-union","2.1.0","MIT","https://github.com/sindresorhus/array-union"
"array-unique","0.3.2","MIT","https://github.com/jonschlinkert/array-unique"
"asap","2.0.6","MIT","https://github.com/kriskowal/asap"
"assign-symbols","1.0.0","MIT","https://github.com/jonschlinkert/assign-symbols"
"ast-types","0.13.4","MIT","https://github.com/benjamn/ast-types"
"ast-types","0.14.2","MIT","https://github.com/benjamn/ast-types"
"astral-regex","1.0.0","MIT","https://github.com/kevva/astral-regex"
"async-limiter","1.0.1","MIT","https://github.com/strml/async-limiter"
"async","3.2.3","MIT","https://github.com/caolan/async"
"asynckit","0.4.0","MIT","https://github.com/alexindigo/asynckit"
"atob","2.1.2","(MIT OR Apache-2.0)","git://git.coolaj86.com/coolaj86/atob.js"
"babel-core","7.0.0-bridge.0","MIT","undefined"
"babel-loader","8.3.0","MIT","https://github.com/babel/babel-loader"
"babel-plugin-inline-import","3.0.0","MIT","https://github.com/Quadric/babel-plugin-inline-import"
"babel-plugin-polyfill-corejs2","0.3.3","MIT","https://github.com/babel/babel-polyfills"
"babel-plugin-polyfill-corejs3","0.6.0","MIT","https://github.com/babel/babel-polyfills"
"babel-plugin-polyfill-regenerator","0.4.1","MIT","https://github.com/babel/babel-polyfills"
"babel-plugin-syntax-trailing-function-commas","7.0.0-beta.0","MIT","https://github.com/babel/babel/tree/master/packages/babel-plugin-syntax-trailing-function-commas"
"babel-preset-fbjs","3.4.0","MIT","https://github.com/facebook/fbjs"
"balanced-match","1.0.2","MIT","https://github.com/juliangruber/balanced-match"
"base64-js","1.5.1","MIT","https://github.com/beatgammit/base64-js"
"base","0.11.2","MIT","https://github.com/node-base/base"
"big-integer","1.6.51","Unlicense","https://github.com/peterolson/BigInteger.js"
"big.js","5.2.2","MIT","https://github.com/MikeMcl/big.js"
"big.js","6.1.1","MIT","https://github.com/MikeMcl/big.js"
"bl","4.1.0","MIT","https://github.com/rvagg/bl"
"boolbase","1.0.0","ISC","https://github.com/fb55/boolbase"
"bplist-creator","0.1.0","MIT","https://github.com/nearinfinity/node-bplist-creator"
"bplist-parser","0.3.0","MIT","https://github.com/nearinfinity/node-bplist-parser"
"brace-expansion","1.1.11","MIT","https://github.com/juliangruber/brace-expansion"
"braces","2.3.2","MIT","https://github.com/micromatch/braces"
"braces","3.0.2","MIT","https://github.com/micromatch/braces"
"browserslist","4.21.4","MIT","https://github.com/browserslist/browserslist"
"bser","2.1.1","Apache-2.0","https://github.com/facebook/watchman"
"buffer-crc32","0.2.13","MIT","https://github.com/brianloveswords/buffer-crc32"
"buffer-from","1.1.2","MIT","https://github.com/LinusU/buffer-from"
"buffer","5.7.1","MIT","https://github.com/feross/buffer"
"builtin-modules","3.3.0","MIT","https://github.com/sindresorhus/builtin-modules"
"bytes","3.0.0","MIT","https://github.com/visionmedia/bytes.js"
"bytes","3.1.2","MIT","https://github.com/visionmedia/bytes.js"
"cache-base","1.0.1","MIT","https://github.com/jonschlinkert/cache-base"
"call-bind","1.0.2","MIT","https://github.com/ljharb/call-bind"
"caller-callsite","2.0.0","MIT","https://github.com/sindresorhus/caller-callsite"
"caller-path","2.0.0","MIT","https://github.com/sindresorhus/caller-path"
"callsites","2.0.0","MIT","https://github.com/sindresorhus/callsites"
"camelcase","5.3.1","MIT","https://github.com/sindresorhus/camelcase"
"camelcase","6.3.0","MIT","https://github.com/sindresorhus/camelcase"
"caniuse-lite","1.0.30001402","CC-BY-4.0","https://github.com/browserslist/caniuse-lite"
"chalk","1.1.3","MIT","https://github.com/chalk/chalk"
"chalk","2.4.2","MIT","https://github.com/chalk/chalk"
"chalk","4.1.2","MIT","https://github.com/chalk/chalk"
"chardet","0.7.0","MIT","https://github.com/runk/node-chardet"
"chrome-trace-event","1.0.3","MIT","https://github.com/samccone/chrome-trace-event"
"ci-info","2.0.0","MIT","https://github.com/watson/ci-info"
"ci-info","3.7.0","MIT","https://github.com/watson/ci-info"
"class-utils","0.3.6","MIT","https://github.com/jonschlinkert/class-utils"
"cli-cursor","3.1.0","MIT","https://github.com/sindresorhus/cli-cursor"
"cli-spinners","2.6.1","MIT","https://github.com/sindresorhus/cli-spinners"
"cli-width","3.0.0","ISC","https://github.com/knownasilya/cli-width"
"cliui","6.0.0","ISC","https://github.com/yargs/cliui"
"cliui","7.0.4","ISC","https://github.com/yargs/cliui"
"clone-deep","4.0.1","MIT","https://github.com/jonschlinkert/clone-deep"
"clone","1.0.4","MIT","https://github.com/pvorb/node-clone"
"code-push","4.0.5","MIT","https://github.com/Microsoft/code-push"
"collection-visit","1.0.0","MIT","https://github.com/jonschlinkert/collection-visit"
"color-convert","1.9.3","MIT","https://github.com/Qix-/color-convert"
"color-convert","2.0.1","MIT","https://github.com/Qix-/color-convert"
"color-name","1.1.3","MIT","https://github.com/dfcreative/color-name"
"color-name","1.1.4","MIT","https://github.com/colorjs/color-name"
"color-string","1.9.0","MIT","https://github.com/Qix-/color-string"
"color","3.2.1","MIT","https://github.com/Qix-/color"
"colorette","1.4.0","MIT","https://github.com/jorgebucaran/colorette"
"colorette","2.0.16","MIT","https://github.com/jorgebucaran/colorette"
"colors","1.1.2","MIT","https://github.com/Marak/colors.js"
"combined-stream","1.0.8","MIT","https://github.com/felixge/node-combined-stream"
"command-exists","1.2.9","MIT","https://github.com/mathisonian/command-exists"
"commander","2.13.0","MIT","https://github.com/tj/commander.js"
"commander","2.20.3","MIT","https://github.com/tj/commander.js"
"commander","7.2.0","MIT","https://github.com/tj/commander.js"
"commander","9.4.1","MIT","https://github.com/tj/commander.js"
"commondir","1.0.1","MIT","https://github.com/substack/node-commondir"
"component-emitter","1.3.0","MIT","https://github.com/component/emitter"
"compressible","2.0.18","MIT","https://github.com/jshttp/compressible"
"compression","1.7.4","MIT","https://github.com/expressjs/compression"
"concat-map","0.0.1","MIT","https://github.com/substack/node-concat-map"
"connect","3.7.0","MIT","https://github.com/senchalabs/connect"
"convert-source-map","1.9.0","MIT","https://github.com/thlorenz/convert-source-map"
"cookiejar","2.1.3","MIT","https://github.com/bmeck/node-cookiejar"
"copy-descriptor","0.1.1","MIT","https://github.com/jonschlinkert/copy-descriptor"
"core-js-compat","3.25.1","MIT","https://github.com/zloirock/core-js"
"core-js","2.6.12","MIT","https://github.com/zloirock/core-js"
"core-util-is","1.0.3","MIT","https://github.com/isaacs/core-util-is"
"cosmiconfig","5.2.1","MIT","https://github.com/davidtheclark/cosmiconfig"
"cross-fetch","3.1.5","MIT","https://github.com/lquixada/cross-fetch"
"cross-spawn","6.0.5","MIT","https://github.com/moxystudio/node-cross-spawn"
"cross-spawn","7.0.3","MIT","https://github.com/moxystudio/node-cross-spawn"
"css-select","2.1.0","BSD-2-Clause","https://github.com/fb55/css-select"
"css-tree","1.1.3","MIT","https://github.com/csstree/csstree"
"css-what","3.4.2","BSD-2-Clause","https://github.com/fb55/css-what"
"data-uri-to-buffer","3.0.1","MIT","https://github.com/TooTallNate/node-data-uri-to-buffer"
"dateformat","3.0.3","MIT","https://github.com/felixge/node-dateformat"
"dayjs","1.11.7","MIT","https://github.com/iamkun/dayjs"
"debug","2.6.9","MIT","https://github.com/visionmedia/debug"
"debug","4.3.4","MIT","https://github.com/debug-js/debug"
"decamelize","1.2.0","MIT","https://github.com/sindresorhus/decamelize"
"decode-uri-component","0.2.0","MIT","https://github.com/SamVerschueren/decode-uri-component"
"deep-assign","3.0.0","MIT","https://github.com/sindresorhus/deep-assign"
"deep-is","0.1.4","MIT","https://github.com/thlorenz/deep-is"
"deepmerge","3.3.0","MIT","https://github.com/TehShrike/deepmerge"
"deepmerge","4.2.2","MIT","https://github.com/TehShrike/deepmerge"
"defaults","1.0.3","MIT","https://github.com/tmpvar/defaults"
"define-property","0.2.5","MIT","https://github.com/jonschlinkert/define-property"
"define-property","1.0.0","MIT","https://github.com/jonschlinkert/define-property"
"define-property","2.0.2","MIT","https://github.com/jonschlinkert/define-property"
"degenerator","3.0.2","MIT","https://github.com/TooTallNate/node-degenerator"
"delayed-stream","1.0.0","MIT","https://github.com/felixge/node-delayed-stream"
"denodeify","1.2.1","MIT","https://github.com/matthew-andrews/denodeify"
"depd","2.0.0","MIT","https://github.com/dougwilson/nodejs-depd"
"deprecated-react-native-prop-types","4.0.0","MIT","https://github.com/facebook/react-native-deprecated-modules"
"destroy","1.2.0","MIT","https://github.com/stream-utils/destroy"
"detect-file","1.0.0","MIT","https://github.com/doowb/detect-file"
"detect-node","2.1.0","MIT","https://github.com/iliakan/detect-node"
"dir-glob","3.0.1","MIT","https://github.com/kevva/dir-glob"
"dom-serializer","0.2.2","MIT","https://github.com/cheeriojs/dom-renderer"
"domelementtype","1.3.1","BSD-2-Clause","https://github.com/fb55/domelementtype"
"domelementtype","2.2.0","BSD-2-Clause","https://github.com/fb55/domelementtype"
"domutils","1.7.0","BSD-2-Clause","https://github.com/FB55/domutils"
"ee-first","1.1.1","MIT","https://github.com/jonathanong/ee-first"
"electron-to-chromium","1.4.254","ISC","https://github.com/kilian/electron-to-chromium"
"emoji-regex","8.0.0","MIT","https://github.com/mathiasbynens/emoji-regex"
"emojis-list","3.0.0","MIT","https://github.com/kikobeats/emojis-list"
"encodeurl","1.0.2","MIT","https://github.com/pillarjs/encodeurl"
"encoding","0.1.13","MIT","https://github.com/andris9/encoding"
"end-of-stream","1.4.4","MIT","https://github.com/mafintosh/end-of-stream"
"enhanced-resolve","5.10.0","MIT","https://github.com/webpack/enhanced-resolve"
"entities","2.2.0","BSD-2-Clause","https://github.com/fb55/entities"
"envinfo","7.8.1","MIT","https://github.com/tabrindle/envinfo"
"error-ex","1.3.2","MIT","https://github.com/qix-/node-error-ex"
"error-stack-parser","2.1.4","MIT","https://github.com/stacktracejs/error-stack-parser"
"errorhandler","1.5.1","MIT","https://github.com/expressjs/errorhandler"
"es-module-lexer","0.9.3","MIT","https://github.com/guybedford/es-module-lexer"
"esbuild","0.12.29","MIT","https://github.com/evanw/esbuild"
"escalade","3.1.1","MIT","https://github.com/lukeed/escalade"
"escape-html","1.0.3","MIT","https://github.com/component/escape-html"
"escape-string-regexp","1.0.5","MIT","https://github.com/sindresorhus/escape-string-regexp"
"escodegen","1.14.3","BSD-2-Clause","https://github.com/estools/escodegen"
"eslint-scope","5.1.1","BSD-2-Clause","https://github.com/eslint/eslint-scope"
"esprima","4.0.1","BSD-2-Clause","https://github.com/jquery/esprima"
"esrecurse","4.3.0","BSD-2-Clause","https://github.com/estools/esrecurse"
"estraverse","4.3.0","BSD-2-Clause","https://github.com/estools/estraverse"
"estraverse","5.3.0","BSD-2-Clause","https://github.com/estools/estraverse"
"estree-walker","0.6.1","MIT","https://github.com/Rich-Harris/estree-walker"
"estree-walker","1.0.1","MIT","https://github.com/Rich-Harris/estree-walker"
"estree-walker","2.0.2","MIT","https://github.com/Rich-Harris/estree-walker"
"esutils","2.0.3","BSD-2-Clause","https://github.com/estools/esutils"
"etag","1.8.1","MIT","https://github.com/jshttp/etag"
"event-target-shim","5.0.1","MIT","https://github.com/mysticatea/event-target-shim"
"eventemitter2","0.4.14","MIT","https://github.com/hij1nx/EventEmitter2"
"eventemitter3","4.0.7","MIT","https://github.com/primus/eventemitter3"
"events","3.3.0","MIT","https://github.com/Gozala/events"
"execa","1.0.0","MIT","https://github.com/sindresorhus/execa"
"exit","0.1.2","MIT","https://github.com/cowboy/node-exit"
"expand-brackets","2.1.4","MIT","https://github.com/jonschlinkert/expand-brackets"
"expand-tilde","2.0.2","MIT","https://github.com/jonschlinkert/expand-tilde"
"extend-shallow","2.0.1","MIT","https://github.com/jonschlinkert/extend-shallow"
"extend-shallow","3.0.2","MIT","https://github.com/jonschlinkert/extend-shallow"
"extend","3.0.2","MIT","https://github.com/justmoon/node-extend"
"external-editor","3.1.0","MIT","https://github.com/mrkmg/node-external-editor"
"extglob","2.0.4","MIT","https://github.com/micromatch/extglob"
"fast-deep-equal","3.1.3","MIT","https://github.com/epoberezkin/fast-deep-equal"
"fast-glob","3.2.12","MIT","https://github.com/mrmlnc/fast-glob"
"fast-json-stable-stringify","2.1.0","MIT","https://github.com/epoberezkin/fast-json-stable-stringify"
"fast-levenshtein","2.0.6","MIT","https://github.com/hiddentao/fast-levenshtein"
"fast-safe-stringify","2.1.1","MIT","https://github.com/davidmarkclements/fast-safe-stringify"
"fastest-levenshtein","1.0.12","MIT","https://github.com/ka-weihe/fastest-levenshtein"
"fastq","1.15.0","ISC","https://github.com/mcollina/fastq"
"fb-watchman","2.0.2","Apache-2.0","https://github.com/facebook/watchman"
"fbjs-css-vars","1.0.2","MIT","https://github.com/facebook/fbjs"
"fbjs","1.0.0","MIT","https://github.com/facebook/fbjs"
"fbjs","3.0.4","MIT","https://github.com/facebook/fbjs"
"figures","3.2.0","MIT","https://github.com/sindresorhus/figures"
"file-sync-cmp","0.1.1","MIT","https://github.com/mgeisler/file-sync-cmp"
"file-uri-to-path","2.0.0","MIT","https://github.com/TooTallNate/file-uri-to-path"
"fill-range","4.0.0","MIT","https://github.com/jonschlinkert/fill-range"
"fill-range","7.0.1","MIT","https://github.com/jonschlinkert/fill-range"
"filter-obj","1.1.0","MIT","https://github.com/sindresorhus/filter-obj"
"finalhandler","1.1.2","MIT","https://github.com/pillarjs/finalhandler"
"find-cache-dir","2.1.0","MIT","https://github.com/avajs/find-cache-dir"
"find-cache-dir","3.3.2","MIT","https://github.com/avajs/find-cache-dir"
"find-up","3.0.0","MIT","https://github.com/sindresorhus/find-up"
"find-up","4.1.0","MIT","https://github.com/sindresorhus/find-up"
"find-up","5.0.0","MIT","https://github.com/sindresorhus/find-up"
"findup-sync","0.3.0","MIT","https://github.com/cowboy/node-findup-sync"
"findup-sync","4.0.0","MIT","https://github.com/gulpjs/findup-sync"
"fined","1.2.0","MIT","https://github.com/gulpjs/fined"
"flagged-respawn","1.0.1","MIT","https://github.com/gulpjs/flagged-respawn"
"flow-parser","0.121.0","MIT","https://github.com/facebook/flow"
"for-in","1.0.2","MIT","https://github.com/jonschlinkert/for-in"
"for-own","1.0.0","MIT","https://github.com/jonschlinkert/for-own"
"form-data","2.5.1","MIT","https://github.com/form-data/form-data"
"form-data","3.0.1","MIT","https://github.com/form-data/form-data"
"formidable","1.2.6","MIT","https://github.com/node-formidable/formidable"
"fragment-cache","0.2.1","MIT","https://github.com/jonschlinkert/fragment-cache"
"fresh","0.5.2","MIT","https://github.com/jshttp/fresh"
"fs-extra","1.0.0","MIT","https://github.com/jprichardson/node-fs-extra"
"fs-extra","8.1.0","MIT","https://github.com/jprichardson/node-fs-extra"
"fs.realpath","1.0.0","ISC","https://github.com/isaacs/fs.realpath"
"ftp","0.3.10","MIT","https://github.com/mscdex/node-ftp"
"function-bind","1.1.1","MIT","https://github.com/Raynos/function-bind"
"gensync","1.0.0-beta.2","MIT","https://github.com/loganfsmyth/gensync"
"get-caller-file","2.0.5","ISC","https://github.com/stefanpenner/get-caller-file"
"get-intrinsic","1.1.1","MIT","https://github.com/ljharb/get-intrinsic"
"get-stream","4.1.0","MIT","https://github.com/sindresorhus/get-stream"
"get-uri","3.0.2","MIT","https://github.com/TooTallNate/node-get-uri"
"get-value","2.0.6","MIT","https://github.com/jonschlinkert/get-value"
"getobject","1.0.2","MIT","https://github.com/cowboy/node-getobject"
"glob-parent","5.1.2","ISC","https://github.com/gulpjs/glob-parent"
"glob-to-regexp","0.4.1","BSD-2-Clause","https://github.com/fitzgen/glob-to-regexp"
"glob","5.0.15","ISC","https://github.com/isaacs/node-glob"
"glob","7.1.7","ISC","https://github.com/isaacs/node-glob"
"glob","7.2.0","ISC","https://github.com/isaacs/node-glob"
"global-modules","1.0.0","MIT","https://github.com/jonschlinkert/global-modules"
"global-prefix","1.0.2","MIT","https://github.com/jonschlinkert/global-prefix"
"globals","11.12.0","MIT","https://github.com/sindresorhus/globals"
"globby","10.0.1","MIT","https://github.com/sindresorhus/globby"
"graceful-fs","4.2.9","ISC","https://github.com/isaacs/node-graceful-fs"
"grunt-cli","1.4.3","MIT","https://github.com/gruntjs/grunt-cli"
"grunt-contrib-copy","1.0.0","MIT","https://github.com/gruntjs/grunt-contrib-copy"
"grunt-dojo","1.1.2","MIT","https://github.com/phated/grunt-dojo"
"grunt-known-options","2.0.0","MIT","https://github.com/gruntjs/grunt-known-options"
"grunt-legacy-log-utils","2.1.0","MIT","https://github.com/gruntjs/grunt-legacy-log-utils"
"grunt-legacy-log","3.0.0","MIT","https://github.com/gruntjs/grunt-legacy-log"
"grunt-legacy-util","2.0.1","MIT","https://github.com/gruntjs/grunt-legacy-util"
"grunt","1.4.1","MIT","https://github.com/gruntjs/grunt"
"has-ansi","2.0.0","MIT","https://github.com/sindresorhus/has-ansi"
"has-flag","3.0.0","MIT","https://github.com/sindresorhus/has-flag"
"has-flag","4.0.0","MIT","https://github.com/sindresorhus/has-flag"
"has-symbols","1.0.3","MIT","https://github.com/inspect-js/has-symbols"
"has-value","0.3.1","MIT","https://github.com/jonschlinkert/has-value"
"has-value","1.0.0","MIT","https://github.com/jonschlinkert/has-value"
"has-values","0.1.4","MIT","https://github.com/jonschlinkert/has-values"
"has-values","1.0.0","MIT","https://github.com/jonschlinkert/has-values"
"has","1.0.3","MIT","https://github.com/tarruda/has"
"hermes-estree","0.8.0","MIT","https://github.com/facebook/hermes"
"hermes-parser","0.8.0","MIT","https://github.com/facebook/hermes"
"hermes-profile-transformer","0.0.6","MIT","https://github.com/MLH-Fellowship/hermes-profile-transformer"
"hoist-non-react-statics","2.5.5","BSD-3-Clause","https://github.com/mridgway/hoist-non-react-statics"
"hoist-non-react-statics","3.3.2","BSD-3-Clause","https://github.com/mridgway/hoist-non-react-statics"
"homedir-polyfill","1.0.3","MIT","https://github.com/doowb/homedir-polyfill"
"hooker","0.2.3","MIT","https://github.com/cowboy/javascript-hooker"
"http-errors","2.0.0","MIT","https://github.com/jshttp/http-errors"
"http-proxy-agent","4.0.1","MIT","https://github.com/TooTallNate/node-http-proxy-agent"
"https-proxy-agent","5.0.0","MIT","https://github.com/TooTallNate/node-https-proxy-agent"
"iconv-lite","0.4.24","MIT","https://github.com/ashtuchkin/iconv-lite"
"iconv-lite","0.6.3","MIT","https://github.com/ashtuchkin/iconv-lite"
"ieee754","1.2.1","BSD-3-Clause","https://github.com/feross/ieee754"
"ignore","5.2.4","MIT","https://github.com/kaelzhang/node-ignore"
"image-size","0.6.3","MIT","https://github.com/image-size/image-size"
"import-fresh","2.0.0","MIT","https://github.com/sindresorhus/import-fresh"
"import-local","3.1.0","MIT","https://github.com/sindresorhus/import-local"
"imurmurhash","0.1.4","MIT","https://github.com/jensyt/imurmurhash-js"
"inflight","1.0.6","ISC","https://github.com/npm/inflight"
"inherits","2.0.4","ISC","https://github.com/isaacs/inherits"
"ini","1.3.8","ISC","https://github.com/isaacs/ini"
"inquirer","8.2.4","MIT","https://github.com/SBoudrias/Inquirer.js"
"interpret","1.1.0","MIT","https://github.com/tkellen/node-interpret"
"interpret","2.2.0","MIT","https://github.com/gulpjs/interpret"
"invariant","2.2.4","MIT","https://github.com/zertosh/invariant"
"ip","1.1.5","MIT","https://github.com/indutny/node-ip"
"is-absolute","1.0.0","MIT","https://github.com/jonschlinkert/is-absolute"
"is-accessor-descriptor","0.1.6","MIT","https://github.com/jonschlinkert/is-accessor-descriptor"
"is-accessor-descriptor","1.0.0","MIT","https://github.com/jonschlinkert/is-accessor-descriptor"
"is-arrayish","0.2.1","MIT","https://github.com/qix-/node-is-arrayish"
"is-arrayish","0.3.2","MIT","https://github.com/qix-/node-is-arrayish"
"is-buffer","1.1.6","MIT","https://github.com/feross/is-buffer"
"is-builtin-module","3.2.0","MIT","https://github.com/sindresorhus/is-builtin-module"
"is-core-module","2.8.1","MIT","https://github.com/inspect-js/is-core-module"
"is-data-descriptor","0.1.4","MIT","https://github.com/jonschlinkert/is-data-descriptor"
"is-data-descriptor","1.0.0","MIT","https://github.com/jonschlinkert/is-data-descriptor"
"is-descriptor","0.1.6","MIT","https://github.com/jonschlinkert/is-descriptor"
"is-descriptor","1.0.2","MIT","https://github.com/jonschlinkert/is-descriptor"
"is-directory","0.3.1","MIT","https://github.com/jonschlinkert/is-directory"
"is-extendable","0.1.1","MIT","https://github.com/jonschlinkert/is-extendable"
"is-extendable","1.0.1","MIT","https://github.com/jonschlinkert/is-extendable"
"is-extglob","2.1.1","MIT","https://github.com/jonschlinkert/is-extglob"
"is-fullwidth-code-point","2.0.0","MIT","https://github.com/sindresorhus/is-fullwidth-code-point"
"is-fullwidth-code-point","3.0.0","MIT","https://github.com/sindresorhus/is-fullwidth-code-point"
"is-glob","4.0.3","MIT","https://github.com/micromatch/is-glob"
"is-interactive","1.0.0","MIT","https://github.com/sindresorhus/is-interactive"
"is-module","1.0.0","MIT","https://github.com/component/is-module"
"is-number","3.0.0","MIT","https://github.com/jonschlinkert/is-number"
"is-number","7.0.0","MIT","https://github.com/jonschlinkert/is-number"
"is-obj","1.0.1","MIT","https://github.com/sindresorhus/is-obj"
"is-plain-object","2.0.4","MIT","https://github.com/jonschlinkert/is-plain-object"
"is-plain-object","3.0.1","MIT","https://github.com/jonschlinkert/is-plain-object"
"is-reference","1.2.1","MIT","https://github.com/Rich-Harris/is-reference"
"is-relative","1.0.0","MIT","https://github.com/jonschlinkert/is-relative"
"is-stream","1.1.0","MIT","https://github.com/sindresorhus/is-stream"
"is-unc-path","1.0.0","MIT","https://github.com/jonschlinkert/is-unc-path"
"is-unicode-supported","0.1.0","MIT","https://github.com/sindresorhus/is-unicode-supported"
"is-windows","1.0.2","MIT","https://github.com/jonschlinkert/is-windows"
"is-wsl","1.1.0","MIT","https://github.com/sindresorhus/is-wsl"
"isarray","0.0.1","MIT","https://github.com/juliangruber/isarray"
"isarray","1.0.0","MIT","https://github.com/juliangruber/isarray"
"isexe","2.0.0","ISC","https://github.com/isaacs/isexe"
"isobject","2.1.0","MIT","https://github.com/jonschlinkert/isobject"
"isobject","3.0.1","MIT","https://github.com/jonschlinkert/isobject"
"isomorphic-fetch","2.2.1","MIT","https://github.com/matthew-andrews/isomorphic-fetch"
"jest-get-type","26.3.0","MIT","https://github.com/facebook/jest"
"jest-regex-util","27.5.1","MIT","https://github.com/facebook/jest"
"jest-serializer","27.5.1","MIT","https://github.com/facebook/jest"
"jest-util","27.5.1","MIT","https://github.com/facebook/jest"
"jest-validate","26.6.2","MIT","https://github.com/facebook/jest"
"jest-worker","27.5.1","MIT","https://github.com/facebook/jest"
"joi","17.7.0","BSD-3-Clause","https://github.com/hapijs/joi"
"joycon","3.1.1","MIT","https://github.com/egoist/joycon"
"js-tokens","4.0.0","MIT","https://github.com/lydell/js-tokens"
"js-yaml","3.14.1","MIT","https://github.com/nodeca/js-yaml"
"jsc-android","250230.2.1","BSD-2-Clause","https://github.com/react-native-community/jsc-android-buildscripts"
"jscodeshift","0.13.1","MIT","https://github.com/facebook/jscodeshift"
"jsesc","0.5.0","MIT","https://github.com/mathiasbynens/jsesc"
"jsesc","2.5.2","MIT","https://github.com/mathiasbynens/jsesc"
"json-parse-better-errors","1.0.2","MIT","https://github.com/zkat/json-parse-better-errors"
"json-parse-even-better-errors","2.3.1","MIT","https://github.com/npm/json-parse-even-better-errors"
"json-schema-traverse","0.4.1","MIT","https://github.com/epoberezkin/json-schema-traverse"
"json5","2.2.1","MIT","https://github.com/json5/json5"
"jsonc-parser","3.0.0","MIT","https://github.com/microsoft/node-jsonc-parser"
"jsonfile","2.4.0","MIT","https://github.com/jprichardson/node-jsonfile"
"jsonfile","4.0.0","MIT","https://github.com/jprichardson/node-jsonfile"
"kind-of","3.2.2","MIT","https://github.com/jonschlinkert/kind-of"
"kind-of","4.0.0","MIT","https://github.com/jonschlinkert/kind-of"
"kind-of","5.1.0","MIT","https://github.com/jonschlinkert/kind-of"
"kind-of","6.0.3","MIT","https://github.com/jonschlinkert/kind-of"
"klaw","1.3.1","MIT","https://github.com/jprichardson/node-klaw"
"kleur","3.0.3","MIT","https://github.com/lukeed/kleur"
"leven","3.1.0","MIT","https://github.com/sindresorhus/leven"
"levn","0.3.0","MIT","https://github.com/gkz/levn"
"liftup","3.0.1","MIT","https://github.com/gruntjs/js-liftup"
"loader-runner","4.2.0","MIT","https://github.com/webpack/loader-runner"
"loader-utils","2.0.2","MIT","https://github.com/webpack/loader-utils"
"locate-path","3.0.0","MIT","https://github.com/sindresorhus/locate-path"
"locate-path","5.0.0","MIT","https://github.com/sindresorhus/locate-path"
"locate-path","6.0.0","MIT","https://github.com/sindresorhus/locate-path"
"lodash.debounce","4.0.8","MIT","https://github.com/lodash/lodash"
"lodash.throttle","4.1.1","MIT","https://github.com/lodash/lodash"
"lodash","4.17.21","MIT","https://github.com/lodash/lodash"
"log-symbols","4.1.0","MIT","https://github.com/sindresorhus/log-symbols"
"logkitty","0.7.1","MIT","https://github.com/zamotany/logkitty"
"loose-envify","1.4.0","MIT","https://github.com/zertosh/loose-envify"
"lru-cache","5.1.1","ISC","https://github.com/isaacs/node-lru-cache"
"lru-cache","6.0.0","ISC","https://github.com/isaacs/node-lru-cache"
"magic-string","0.25.9","MIT","https://github.com/rich-harris/magic-string"
"make-dir","2.1.0","MIT","https://github.com/sindresorhus/make-dir"
"make-dir","3.1.0","MIT","https://github.com/sindresorhus/make-dir"
"make-iterator","1.0.1","MIT","https://github.com/jonschlinkert/make-iterator"
"makeerror","1.0.12","BSD-3-Clause","https://github.com/daaku/nodejs-makeerror"
"map-cache","0.2.2","MIT","https://github.com/jonschlinkert/map-cache"
"map-visit","1.0.0","MIT","https://github.com/jonschlinkert/map-visit"
"mdn-data","2.0.14","CC0-1.0","https://github.com/mdn/data"
"memoize-one","5.2.1","MIT","https://github.com/alexreardon/memoize-one"
"merge-stream","2.0.0","MIT","https://github.com/grncdr/merge-stream"
"merge2","1.4.1","MIT","https://github.com/teambition/merge2"
"methods","1.1.2","MIT","https://github.com/jshttp/methods"
"metro-babel-transformer","0.72.3","MIT","https://github.com/facebook/metro"
"metro-cache-key","0.72.3","MIT","https://github.com/facebook/metro"
"metro-cache","0.72.3","MIT","https://github.com/facebook/metro"
"metro-config","0.72.3","MIT","https://github.com/facebook/metro"
"metro-core","0.72.3","MIT","https://github.com/facebook/metro"
"metro-file-map","0.72.3","MIT","https://github.com/facebook/metro"
"metro-hermes-compiler","0.72.3","MIT","https://github.com/facebook/metro"
"metro-inspector-proxy","0.72.3","MIT","https://github.com/facebook/metro"
"metro-minify-uglify","0.72.3","MIT","https://github.com/facebook/metro"
"metro-react-native-babel-preset","0.72.3","MIT","https://github.com/facebook/metro"
"metro-react-native-babel-transformer","0.72.3","MIT","https://github.com/facebook/metro"
"metro-resolver","0.72.3","MIT","https://github.com/facebook/metro"
"metro-runtime","0.72.3","MIT","https://github.com/facebook/metro"
"metro-source-map","0.72.3","MIT","https://github.com/facebook/metro"
"metro-symbolicate","0.72.3","MIT","https://github.com/facebook/metro"
"metro-transform-plugins","0.72.3","MIT","https://github.com/facebook/metro"
"metro-transform-worker","0.72.3","MIT","https://github.com/facebook/metro"
"metro","0.72.3","MIT","https://github.com/facebook/metro"
"micromatch","3.1.10","MIT","https://github.com/micromatch/micromatch"
"micromatch","4.0.5","MIT","https://github.com/micromatch/micromatch"
"mime-db","1.52.0","MIT","https://github.com/jshttp/mime-db"
"mime-types","2.1.35","MIT","https://github.com/jshttp/mime-types"
"mime","1.6.0","MIT","https://github.com/broofa/node-mime"
"mime","2.6.0","MIT","https://github.com/broofa/mime"
"mimic-fn","2.1.0","MIT","https://github.com/sindresorhus/mimic-fn"
"minimatch","3.0.8","ISC","https://github.com/isaacs/minimatch"
"minimatch","3.1.2","ISC","https://github.com/isaacs/minimatch"
"minimist","1.2.6","MIT","https://github.com/substack/minimist"
"mixin-deep","1.3.2","MIT","https://github.com/jonschlinkert/mixin-deep"
"mkdirp","0.5.6","MIT","https://github.com/substack/node-mkdirp"
"mkdirp","1.0.4","MIT","https://github.com/isaacs/node-mkdirp"
"ms","2.0.0","MIT","https://github.com/zeit/ms"
"ms","2.1.2","MIT","https://github.com/zeit/ms"
"ms","2.1.3","MIT","https://github.com/vercel/ms"
"mute-stream","0.0.8","ISC","https://github.com/isaacs/mute-stream"
"nanomatch","1.2.13","MIT","https://github.com/micromatch/nanomatch"
"negotiator","0.6.3","MIT","https://github.com/jshttp/negotiator"
"neo-async","2.6.2","MIT","https://github.com/suguru03/neo-async"
"netmask","2.0.2","MIT","https://github.com/rs/node-netmask"
"nice-try","1.0.5","MIT","https://github.com/electerious/nice-try"
"nocache","3.0.4","MIT","https://github.com/helmetjs/nocache"
"node-dir","0.1.17","MIT","https://github.com/fshost/node-dir"
"node-fetch","1.7.3","MIT","https://github.com/bitinn/node-fetch"
"node-fetch","2.6.7","MIT","https://github.com/bitinn/node-fetch"
"node-int64","0.4.0","MIT","https://github.com/broofa/node-int64"
"node-releases","2.0.6","MIT","https://github.com/chicoxyzzy/node-releases"
"node-stream-zip","1.15.0","MIT","https://github.com/antelle/node-stream-zip"
"nopt","3.0.6","ISC","https://github.com/npm/nopt"
"nopt","4.0.3","ISC","https://github.com/npm/nopt"
"normalize-path","3.0.0","MIT","https://github.com/jonschlinkert/normalize-path"
"npm-run-path","2.0.2","MIT","https://github.com/sindresorhus/npm-run-path"
"nth-check","1.0.2","BSD-2-Clause","https://github.com/fb55/nth-check"
"nullthrows","1.1.1","MIT","https://github.com/zertosh/nullthrows"
"ob1","0.72.3","MIT","https://github.com/facebook/metro"
"object-assign","4.1.1","MIT","https://github.com/sindresorhus/object-assign"
"object-copy","0.1.0","MIT","https://github.com/jonschlinkert/object-copy"
"object-inspect","1.12.0","MIT","https://github.com/inspect-js/object-inspect"
"object-visit","1.0.1","MIT","https://github.com/jonschlinkert/object-visit"
"object.defaults","1.1.0","MIT","https://github.com/jonschlinkert/object.defaults"
"object.map","1.0.1","MIT","https://github.com/jonschlinkert/object.map"
"object.pick","1.3.0","MIT","https://github.com/jonschlinkert/object.pick"
"on-finished","2.3.0","MIT","https://github.com/jshttp/on-finished"
"on-finished","2.4.1","MIT","https://github.com/jshttp/on-finished"
"on-headers","1.0.2","MIT","https://github.com/jshttp/on-headers"
"once","1.4.0","ISC","https://github.com/isaacs/once"
"onetime","5.1.2","MIT","https://github.com/sindresorhus/onetime"
"open","6.4.0","MIT","https://github.com/sindresorhus/open"
"optionator","0.8.3","MIT","https://github.com/gkz/optionator"
"ora","5.4.1","MIT","https://github.com/sindresorhus/ora"
"os-homedir","1.0.2","MIT","https://github.com/sindresorhus/os-homedir"
"os-tmpdir","1.0.2","MIT","https://github.com/sindresorhus/os-tmpdir"
"osenv","0.1.5","ISC","https://github.com/npm/osenv"
"p-finally","1.0.0","MIT","https://github.com/sindresorhus/p-finally"
"p-limit","2.3.0","MIT","https://github.com/sindresorhus/p-limit"
"p-limit","3.1.0","MIT","https://github.com/sindresorhus/p-limit"
"p-locate","3.0.0","MIT","https://github.com/sindresorhus/p-locate"
"p-locate","4.1.0","MIT","https://github.com/sindresorhus/p-locate"
"p-locate","5.0.0","MIT","https://github.com/sindresorhus/p-locate"
"p-try","2.2.0","MIT","https://github.com/sindresorhus/p-try"
"pac-proxy-agent","5.0.0","MIT","https://github.com/TooTallNate/node-pac-proxy-agent"
"pac-resolver","5.0.0","MIT","https://github.com/TooTallNate/node-pac-resolver"
"parse-filepath","1.0.2","MIT","https://github.com/jonschlinkert/parse-filepath"
"parse-json","4.0.0","MIT","https://github.com/sindresorhus/parse-json"
"parse-passwd","1.0.0","MIT","https://github.com/doowb/parse-passwd"
"parseurl","1.3.3","MIT","https://github.com/pillarjs/parseurl"
"pascalcase","0.1.1","MIT","https://github.com/jonschlinkert/pascalcase"
"path-exists","3.0.0","MIT","https://github.com/sindresorhus/path-exists"
"path-exists","4.0.0","MIT","https://github.com/sindresorhus/path-exists"
"path-extra","1.0.3","MIT","https://github.com/jprichardson/node-path-extra"
"path-is-absolute","1.0.1","MIT","https://github.com/sindresorhus/path-is-absolute"
"path-key","2.0.1","MIT","https://github.com/sindresorhus/path-key"
"path-key","3.1.1","MIT","https://github.com/sindresorhus/path-key"
"path-parse","1.0.7","MIT","https://github.com/jbgutierrez/path-parse"
"path-root-regex","0.1.2","MIT","https://github.com/regexhq/path-root-regex"
"path-root","0.1.1","MIT","https://github.com/jonschlinkert/path-root"
"path-to-regexp","1.8.0","MIT","https://github.com/pillarjs/path-to-regexp"
"path-type","4.0.0","MIT","https://github.com/sindresorhus/path-type"
"picocolors","1.0.0","ISC","https://github.com/alexeyraspopov/picocolors"
"picomatch","2.3.1","MIT","https://github.com/micromatch/picomatch"
"pify","4.0.1","MIT","https://github.com/sindresorhus/pify"
"pirates","4.0.5","MIT","https://github.com/danez/pirates"
"pkg-dir","3.0.0","MIT","https://github.com/sindresorhus/pkg-dir"
"pkg-dir","4.2.0","MIT","https://github.com/sindresorhus/pkg-dir"
"plist","3.0.5","MIT","https://github.com/TooTallNate/node-plist"
"posix-character-classes","0.1.1","MIT","https://github.com/jonschlinkert/posix-character-classes"
"prelude-ls","1.1.2","MIT","https://github.com/gkz/prelude-ls"
"pretty-format","26.6.2","MIT","https://github.com/facebook/jest"
"process-nextick-args","2.0.1","MIT","https://github.com/calvinmetcalf/process-nextick-args"
"promise","7.3.1","MIT","https://github.com/then/promise"
"promise","8.3.0","MIT","https://github.com/then/promise"
"prompts","2.4.2","MIT","https://github.com/terkelg/prompts"
"prop-types","15.8.1","MIT","https://github.com/facebook/prop-types"
"proxy-agent","5.0.0","MIT","https://github.com/TooTallNate/node-proxy-agent"
"proxy-from-env","1.1.0","MIT","https://github.com/Rob--W/proxy-from-env"
"pump","3.0.0","MIT","https://github.com/mafintosh/pump"
"punycode","2.1.1","MIT","https://github.com/bestiejs/punycode.js"
"qs","6.10.3","BSD-3-Clause","https://github.com/ljharb/qs"
"query-string","6.14.1","MIT","https://github.com/sindresorhus/query-string"
"querystringify","2.2.0","MIT","https://github.com/unshiftio/querystringify"
"queue-microtask","1.2.3","MIT","https://github.com/feross/queue-microtask"
"randombytes","2.1.0","MIT","https://github.com/crypto-browserify/randombytes"
"range-parser","1.2.1","MIT","https://github.com/jshttp/range-parser"
"raw-body","2.5.1","MIT","https://github.com/stream-utils/raw-body"
"react-devtools-core","4.24.0","MIT","https://github.com/facebook/react"
"react-dom","18.2.0","MIT","https://github.com/facebook/react"
"react-is","16.13.1","MIT","https://github.com/facebook/react"
"react-is","17.0.2","MIT","https://github.com/facebook/react"
"react-lifecycles-compat","3.0.4","MIT","https://github.com/reactjs/react-lifecycles-compat"
"react-native-code-push","7.0.5","MIT","https://github.com/microsoft/react-native-code-push"
"react-native-codegen","0.70.6","MIT","https://github.com/facebook/react-native"
"react-native-device-info","8.0.1","MIT","https://github.com/react-native-device-info/react-native-device-info"
"react-native-fast-image","8.3.2","(MIT AND Apache-2.0)","https://github.com/DylanVann/react-native-fast-image"
"react-native-gesture-handler","1.10.3","MIT","https://github.com/software-mansion/react-native-gesture-handler"
"react-native-gradle-plugin","0.70.3","MIT","https://github.com/facebook/react-native"
"react-native-iphone-x-helper","1.3.1","MIT","https://github.com/ptelad/react-native-iphone-x-helper"
"react-native-localize","1.4.2","MIT","https://github.com/react-native-community/react-native-localize"
"react-native-material-menu","1.2.0","MIT","https://github.com/mxck/react-native-material-menu"
"react-native-reanimated","1.13.1","MIT","https://github.com/software-mansion/react-native-reanimated"
"react-native-safe-area-context","3.1.8","MIT","https://github.com/th3rdwave/react-native-safe-area-context"
"react-native-safe-area-view","0.14.9","MIT","https://github.com/react-community/react-native-safe-area-view"
"react-native-screens","2.11.0","MIT","https://github.com/kmagiera/react-native-screens"
"react-native-svg","12.1.0","MIT","https://github.com/react-native-community/react-native-svg"
"react-native-tab-view","2.16.0","MIT","https://github.com/satya164/react-native-tab-view"
"react-native-vector-icons","9.2.0","MIT","https://github.com/oblador/react-native-vector-icons"
"react-native","0.70.7","MIT","https://github.com/facebook/react-native"
"react-navigation-drawer","2.5.1","MIT","https://github.com/react-navigation/drawer"
"react-navigation-stack","2.7.0","MIT","https://github.com/react-navigation/react-navigation-stack"
"react-navigation-tabs","2.11.0","MIT","https://github.com/react-navigation/tabs"
"react-navigation","4.4.1","MIT","https://github.com/react-navigation/react-navigation"
"react-refresh","0.4.3","MIT","https://github.com/facebook/react"
"react-shallow-renderer","16.15.0","MIT","https://github.com/NMinhNguyen/react-shallow-renderer"
"react","18.2.0","MIT","https://github.com/facebook/react"
"readable-stream","1.1.14","MIT","https://github.com/isaacs/readable-stream"
"readable-stream","2.3.7","MIT","https://github.com/nodejs/readable-stream"
"readable-stream","3.6.0","MIT","https://github.com/nodejs/readable-stream"
"readline","1.3.0","BSD*","https://github.com/maleck13/readline"
"recast","0.20.5","MIT","https://github.com/benjamn/recast"
"rechoir","0.7.1","MIT","https://github.com/gulpjs/rechoir"
"recursive-fs","2.1.0","MIT","https://github.com/simov/recursive-fs"
"regenerate-unicode-properties","10.1.0","MIT","https://github.com/mathiasbynens/regenerate-unicode-properties"
"regenerate","1.4.2","MIT","https://github.com/mathiasbynens/regenerate"
"regenerator-runtime","0.13.9","MIT","https://github.com/facebook/regenerator/tree/master/packages/runtime"
"regenerator-transform","0.15.0","MIT","https://github.com/facebook/regenerator/tree/master/packages/transform"
"regex-not","1.0.2","MIT","https://github.com/jonschlinkert/regex-not"
"regexpu-core","5.2.1","MIT","https://github.com/mathiasbynens/regexpu-core"
"regjsgen","0.7.1","MIT","https://github.com/bnjmnt4n/regjsgen"
"regjsparser","0.9.1","BSD-2-Clause","https://github.com/jviereck/regjsparser"
"repeat-element","1.1.4","MIT","https://github.com/jonschlinkert/repeat-element"
"repeat-string","1.6.1","MIT","https://github.com/jonschlinkert/repeat-string"
"require-directory","2.1.1","MIT","https://github.com/troygoode/node-require-directory"
"require-main-filename","2.0.0","ISC","https://github.com/yargs/require-main-filename"
"require-resolve","0.0.2","MIT","https://github.com/qiu8310/require-resolve"
"requires-port","1.0.0","MIT","https://github.com/unshiftio/requires-port"
"resolve-cwd","3.0.0","MIT","https://github.com/sindresorhus/resolve-cwd"
"resolve-dir","1.0.1","MIT","https://github.com/jonschlinkert/resolve-dir"
"resolve-from","3.0.0","MIT","https://github.com/sindresorhus/resolve-from"
"resolve-from","5.0.0","MIT","https://github.com/sindresorhus/resolve-from"
"resolve-url","0.2.1","MIT","https://github.com/lydell/resolve-url"
"resolve","1.22.0","MIT","https://github.com/browserify/resolve"
"restore-cursor","3.1.0","MIT","https://github.com/sindresorhus/restore-cursor"
"ret","0.1.15","MIT","https://github.com/fent/ret.js"
"reusify","1.0.4","MIT","https://github.com/mcollina/reusify"
"rimraf","2.2.8","MIT","https://github.com/isaacs/rimraf"
"rimraf","2.6.3","ISC","https://github.com/isaacs/rimraf"
"rimraf","2.7.1","ISC","https://github.com/isaacs/rimraf"
"rimraf","3.0.2","ISC","https://github.com/isaacs/rimraf"
"rollup-plugin-clear","2.0.7","ISC","https://github.com/DongShelton/rollup-plugin-clear"
"rollup-plugin-copy","3.4.0","MIT","https://github.com/vladshcherbin/rollup-plugin-copy"
"rollup-plugin-esbuild","4.5.0","MIT","https://github.com/egoist/rollup-plugin-esbuild"
"rollup-plugin-import-css","3.0.3","MIT","https://github.com/jleeson/rollup-plugin-import-css"
"rollup-plugin-inject","3.0.2","MIT","https://github.com/rollup/rollup-plugin-inject"
"rollup-plugin-node-polyfills","0.2.1","MIT","https://github.com/ionic-team/rollup-plugin-node-polyfills"
"rollup-pluginutils","2.8.2","MIT","https://github.com/rollup/rollup-pluginutils"
"rollup","2.79.1","MIT","https://github.com/rollup/rollup"
"run-async","2.4.1","MIT","https://github.com/SBoudrias/run-async"
"run-parallel","1.2.0","MIT","https://github.com/feross/run-parallel"
"rxjs","7.5.6","Apache-2.0","https://github.com/reactivex/rxjs"
"safe-buffer","5.1.2","MIT","https://github.com/feross/safe-buffer"
"safe-buffer","5.2.1","MIT","https://github.com/feross/safe-buffer"
"safe-regex","1.1.0","MIT","https://github.com/substack/safe-regex"
"safer-buffer","2.1.2","MIT","https://github.com/ChALkeR/safer-buffer"
"scheduler","0.22.0","MIT","https://github.com/facebook/react"
"scheduler","0.23.0","MIT","https://github.com/facebook/react"
"schema-utils","2.7.1","MIT","https://github.com/webpack/schema-utils"
"schema-utils","3.1.1","MIT","https://github.com/webpack/schema-utils"
"semver","5.7.1","ISC","https://github.com/npm/node-semver"
"semver","6.3.0","ISC","https://github.com/npm/node-semver"
"semver","7.3.5","ISC","https://github.com/npm/node-semver"
"send","0.18.0","MIT","https://github.com/pillarjs/send"
"serialize-error","2.1.0","MIT","https://github.com/sindresorhus/serialize-error"
"serialize-javascript","6.0.0","BSD-3-Clause","https://github.com/yahoo/serialize-javascript"
"serve-static","1.15.0","MIT","https://github.com/expressjs/serve-static"
"set-blocking","2.0.0","ISC","https://github.com/yargs/set-blocking"
"set-value","2.0.1","MIT","https://github.com/jonschlinkert/set-value"
"setimmediate","1.0.5","MIT","https://github.com/YuzuJS/setImmediate"
"setprototypeof","1.2.0","ISC","https://github.com/wesleytodd/setprototypeof"
"shallow-clone","3.0.1","MIT","https://github.com/jonschlinkert/shallow-clone"
"shebang-command","1.2.0","MIT","https://github.com/kevva/shebang-command"
"shebang-command","2.0.0","MIT","https://github.com/kevva/shebang-command"
"shebang-regex","1.0.0","MIT","https://github.com/sindresorhus/shebang-regex"
"shebang-regex","3.0.0","MIT","https://github.com/sindresorhus/shebang-regex"
"shell-quote","1.7.4","MIT","https://github.com/ljharb/shell-quote"
"side-channel","1.0.4","MIT","https://github.com/ljharb/side-channel"
"signal-exit","3.0.7","ISC","https://github.com/tapjs/signal-exit"
"simple-plist","1.3.0","MIT","https://github.com/wollardj/simple-plist"
"simple-swizzle","0.2.2","MIT","https://github.com/qix-/node-simple-swizzle"
"sisteransi","1.0.5","MIT","https://github.com/terkelg/sisteransi"
"slash","3.0.0","MIT","https://github.com/sindresorhus/slash"
"slice-ansi","2.1.0","MIT","https://github.com/chalk/slice-ansi"
"smart-buffer","4.2.0","MIT","https://github.com/JoshGlazebrook/smart-buffer"
"snapdragon-node","2.1.1","MIT","https://github.com/jonschlinkert/snapdragon-node"
"snapdragon-util","3.0.1","MIT","https://github.com/jonschlinkert/snapdragon-util"
"snapdragon","0.8.2","MIT","https://github.com/jonschlinkert/snapdragon"
"socks-proxy-agent","5.0.1","MIT","https://github.com/TooTallNate/node-socks-proxy-agent"
"socks","2.6.2","MIT","https://github.com/JoshGlazebrook/socks"
"source-map-resolve","0.5.3","MIT","https://github.com/lydell/source-map-resolve"
"source-map-support","0.5.21","MIT","https://github.com/evanw/node-source-map-support"
"source-map-url","0.4.1","MIT","https://github.com/lydell/source-map-url"
"source-map","0.5.7","BSD-3-Clause","https://github.com/mozilla/source-map"
"source-map","0.6.1","BSD-3-Clause","https://github.com/mozilla/source-map"
"source-map","0.7.4","BSD-3-Clause","https://github.com/mozilla/source-map"
"sourcemap-codec","1.4.8","MIT","https://github.com/Rich-Harris/sourcemap-codec"
"split-on-first","1.1.0","MIT","https://github.com/sindresorhus/split-on-first"
"split-string","3.1.0","MIT","https://github.com/jonschlinkert/split-string"
"sprintf-js","1.0.3","BSD-3-Clause","https://github.com/alexei/sprintf.js"
"sprintf-js","1.1.2","BSD-3-Clause","https://github.com/alexei/sprintf.js"
"stackframe","1.3.4","MIT","https://github.com/stacktracejs/stackframe"
"stacktrace-parser","0.1.10","MIT","https://github.com/errwischt/stacktrace-parser"
"static-extend","0.1.2","MIT","https://github.com/jonschlinkert/static-extend"
"statuses","1.5.0","MIT","https://github.com/jshttp/statuses"
"statuses","2.0.1","MIT","https://github.com/jshttp/statuses"
"stream-buffers","2.2.0","Unlicense","https://github.com/samcday/node-stream-buffer"
"strict-uri-encode","2.0.0","MIT","https://github.com/kevva/strict-uri-encode"
"string-width","4.2.3","MIT","https://github.com/sindresorhus/string-width"
"string_decoder","0.10.31","MIT","https://github.com/rvagg/string_decoder"
"string_decoder","1.1.1","MIT","https://github.com/nodejs/string_decoder"
"string_decoder","1.3.0","MIT","https://github.com/nodejs/string_decoder"
"strip-ansi","3.0.1","MIT","https://github.com/chalk/strip-ansi"
"strip-ansi","5.2.0","MIT","https://github.com/chalk/strip-ansi"
"strip-ansi","6.0.1","MIT","https://github.com/chalk/strip-ansi"
"strip-eof","1.0.0","MIT","https://github.com/sindresorhus/strip-eof"
"sudo-prompt","9.2.1","MIT","https://github.com/jorangreef/sudo-prompt"
"superagent-proxy","3.0.0","MIT","https://github.com/TooTallNate/superagent-proxy"
"superagent","5.1.0","MIT","https://github.com/visionmedia/superagent"
"superagent","6.1.0","MIT","https://github.com/visionmedia/superagent"
"supports-color","2.0.0","MIT","https://github.com/chalk/supports-color"
"supports-color","5.5.0","MIT","https://github.com/chalk/supports-color"
"supports-color","7.2.0","MIT","https://github.com/chalk/supports-color"
"supports-color","8.1.1","MIT","https://github.com/chalk/supports-color"
"supports-preserve-symlinks-flag","1.0.0","MIT","https://github.com/inspect-js/node-supports-preserve-symlinks-flag"
"tapable","2.2.1","MIT","https://github.com/webpack/tapable"
"temp","0.8.3","MIT","https://github.com/bruce/node-temp"
"temp","0.8.4","MIT","https://github.com/bruce/node-temp"
"terser-webpack-plugin","5.3.1","MIT","https://github.com/webpack-contrib/terser-webpack-plugin"
"terser","5.12.1","BSD-2-Clause","https://github.com/terser/terser"
"throat","5.0.0","MIT","https://github.com/ForbesLindesay/throat"
"through2","2.0.5","MIT","https://github.com/rvagg/through2"
"through","2.3.8","MIT","https://github.com/dominictarr/through"
"tmp","0.0.33","MIT","https://github.com/raszi/node-tmp"
"tmpl","1.0.5","BSD-3-Clause","https://github.com/daaku/nodejs-tmpl"
"to-fast-properties","2.0.0","MIT","https://github.com/sindresorhus/to-fast-properties"
"to-object-path","0.3.0","MIT","https://github.com/jonschlinkert/to-object-path"
"to-regex-range","2.1.1","MIT","https://github.com/micromatch/to-regex-range"
"to-regex-range","5.0.1","MIT","https://github.com/micromatch/to-regex-range"
"to-regex","3.0.2","MIT","https://github.com/jonschlinkert/to-regex"
"toidentifier","1.0.1","MIT","https://github.com/component/toidentifier"
"tr46","0.0.3","MIT","https://github.com/Sebmaster/tr46.js"
"tslib","2.3.1","0BSD","https://github.com/Microsoft/tslib"
"type-check","0.3.2","MIT","https://github.com/gkz/type-check"
"type-fest","0.21.3","(MIT OR CC0-1.0)","https://github.com/sindresorhus/type-fest"
"type-fest","0.7.1","(MIT OR CC0-1.0)","https://github.com/sindresorhus/type-fest"
"ua-parser-js","0.7.31","MIT","https://github.com/faisalman/ua-parser-js"
"uglify-es","3.3.9","BSD-2-Clause","https://github.com/mishoo/UglifyJS2.git#harmony"
"unc-path-regex","0.1.2","MIT","https://github.com/regexhq/unc-path-regex"
"underscore.string","3.3.6","MIT","https://github.com/epeli/underscore.string"
"unicode-canonical-property-names-ecmascript","2.0.0","MIT","https://github.com/mathiasbynens/unicode-canonical-property-names-ecmascript"
"unicode-match-property-ecmascript","2.0.0","MIT","https://github.com/mathiasbynens/unicode-match-property-ecmascript"
"unicode-match-property-value-ecmascript","2.0.0","MIT","https://github.com/mathiasbynens/unicode-match-property-value-ecmascript"
"unicode-property-aliases-ecmascript","2.1.0","MIT","https://github.com/mathiasbynens/unicode-property-aliases-ecmascript"
"union-value","1.0.1","MIT","https://github.com/jonschlinkert/union-value"
"universalify","0.1.2","MIT","https://github.com/RyanZim/universalify"
"unpipe","1.0.0","MIT","https://github.com/stream-utils/unpipe"
"unset-value","1.0.0","MIT","https://github.com/jonschlinkert/unset-value"
"update-browserslist-db","1.0.9","MIT","https://github.com/browserslist/update-db"
"uri-js","4.4.1","BSD-2-Clause","https://github.com/garycourt/uri-js"
"urix","0.1.0","MIT","https://github.com/lydell/urix"
"url-parse","1.5.10","MIT","https://github.com/unshiftio/url-parse"
"use-sync-external-store","1.2.0","MIT","https://github.com/facebook/react"
"use","3.1.1","MIT","https://github.com/jonschlinkert/use"
"util-deprecate","1.0.2","MIT","https://github.com/TooTallNate/util-deprecate"
"utils-merge","1.0.1","MIT","https://github.com/jaredhanson/utils-merge"
"uuid","7.0.3","MIT","https://github.com/uuidjs/uuid"
"v8flags","3.2.0","MIT","https://github.com/gulpjs/v8flags"
"vary","1.1.2","MIT","https://github.com/jshttp/vary"
"vlq","1.0.1","MIT","https://github.com/Rich-Harris/vlq"
"vm2","3.9.11","MIT","https://github.com/patriksimek/vm2"
"walker","1.0.8","Apache-2.0","https://github.com/daaku/nodejs-walker"
"watchpack","2.4.0","MIT","https://github.com/webpack/watchpack"
"wcwidth","1.0.1","MIT","https://github.com/timoxley/wcwidth"
"webidl-conversions","3.0.1","BSD-2-Clause","https://github.com/jsdom/webidl-conversions"
"webpack-cli","4.10.0","MIT","https://github.com/webpack/webpack-cli"
"webpack-merge","5.8.0","MIT","https://github.com/survivejs/webpack-merge"
"webpack-sources","3.2.3","MIT","https://github.com/webpack/webpack-sources"
"webpack","5.76.1","MIT","https://github.com/webpack/webpack"
"whatwg-fetch","3.6.2","MIT","https://github.com/github/fetch"
"whatwg-url","5.0.0","MIT","https://github.com/jsdom/whatwg-url"
"which-module","2.0.0","ISC","https://github.com/nexdrew/which-module"
"which","1.3.1","ISC","https://github.com/isaacs/node-which"
"which","2.0.2","ISC","https://github.com/isaacs/node-which"
"wildcard","2.0.0","MIT","https://github.com/DamonOehlman/wildcard"
"word-wrap","1.2.3","MIT","https://github.com/jonschlinkert/word-wrap"
"wrap-ansi","6.2.0","MIT","https://github.com/chalk/wrap-ansi"
"wrap-ansi","7.0.0","MIT","https://github.com/chalk/wrap-ansi"
"wrappy","1.0.2","ISC","https://github.com/npm/wrappy"
"write-file-atomic","2.4.3","ISC","https://github.com/iarna/write-file-atomic"
"ws","6.2.2","MIT","https://github.com/websockets/ws"
"ws","7.5.9","MIT","https://github.com/websockets/ws"
"x-path","0.0.2","MIT","https://github.com/node-x-extras/x-path"
"xcode","3.0.1","Apache-2.0","https://github.com/apache/cordova-node-xcode"
"xmlbuilder","9.0.7","MIT","https://github.com/oozcitak/xmlbuilder-js"
"xregexp","2.0.0","MIT","https://github.com/slevithan/XRegExp"
"xtend","4.0.2","MIT","https://github.com/Raynos/xtend"
"y18n","4.0.3","ISC","https://github.com/yargs/y18n"
"y18n","5.0.8","ISC","https://github.com/yargs/y18n"
"yallist","3.1.1","ISC","https://github.com/isaacs/yallist"
"yallist","4.0.0","ISC","https://github.com/isaacs/yallist"
"yargs-parser","18.1.3","ISC","https://github.com/yargs/yargs-parser"
"yargs-parser","20.2.9","ISC","https://github.com/yargs/yargs-parser"
"yargs","15.4.1","MIT","https://github.com/yargs/yargs"
"yargs","16.2.0","MIT","https://github.com/yargs/yargs"
"yazl","2.5.1","MIT","https://github.com/thejoshwolfe/yazl"
"yocto-queue","0.1.0","MIT","https://github.com/sindresorhus/yocto-queue"